<?xml version="1.0" encoding="UTF-8"?>
<project-private xmlns="http://www.netbeans.org/ns/project-private/1">
    <editor-bookmarks xmlns="http://www.netbeans.org/ns/editor-bookmarks/2" lastBookmarkId="0"/>
    <open-files xmlns="http://www.netbeans.org/ns/projectui-open-files/2">
        <group>
            <file>file:/C:/Users/Aluno/Desktop/AtividadeTiago/src/Telas/Telaas.java</file>
            <file>file:/C:/Users/Aluno/Desktop/AtividadeTiago/nbproject/build-impl.xml</file>
            <file>file:/C:/Users/Aluno/Desktop/AtividadeTiago/src/Model/Funcionarios.java</file>
            <file>file:/C:/Users/Aluno/Desktop/AtividadeTiago/src/Telas/FXMLSecundariaController.java</file>
            <file>file:/C:/Users/Aluno/Desktop/AtividadeTiago/src/Telas/FXMLPrincipalController.java</file>
            <file>file:/C:/Users/Aluno/Desktop/AtividadeTiago/src/jdbc/ConnectionFactory.java</file>
            <file>file:/C:/Users/Aluno/Desktop/AtividadeTiago/src/Telas/FXMLCadastroController.java</file>
            <file>file:/C:/Users/Aluno/Desktop/AtividadeTiago/src/Telas/FXMLPainelController.java</file>
            <file>file:/C:/Users/Aluno/Desktop/AtividadeTiago/src/Telas/FXMLSecundaria.fxml</file>
            <file>file:/C:/Users/Aluno/Desktop/AtividadeTiago/src/jdbc/FuncionariosDAO.java</file>
        </group>
    </open-files>
</project-private>
